-- 开始初始化数据 ;
INSERT INTO sys_role VALUES (1, '系统管理员', '2', 'admin', 1, '', '', 1, '', 1, 1, '2021-05-13 19:56:37.913', '2021-05-13 19:56:37.913', NULL);
INSERT INTO sys_role VALUES (2, '普通用户', '2', 'user', 0, '', '', 0, '', 0, 0, '2021-05-13 19:56:37.913', '2021-05-13 19:56:37.913', NULL);

INSERT INTO sys_casbin_rule VALUES (1, 'p', 'user', '/apis/v1/user-agent/*', '*', '', '', '', '', '');

INSERT INTO sys_user VALUES (1, 'admin', '$2a$10$/Glr4g9Svr6O0kvjsRJCXu3f0W8/dsP3XZyVNi1019ratWpSPMyw.', 'admin', '13818888888', 1, '', '', '1', '1@qq.com', '', '2', 1, 1, '2021-05-13 19:56:37.914', '2021-05-13 19:56:40.205', NULL);
INSERT INTO sys_user VALUES (2, 'user', '$2a$10$/Glr4g9Svr6O0kvjsRJCXu3f0W8/dsP3XZyVNi1019ratWpSPMyw.', 'user', '13818888888', 2, '', '', '1', '1@qq.com', '', '2', 0, 0, '2021-05-13 19:56:37.914', '2021-05-13 19:56:40.205', NULL);
INSERT INTO `user_patent` (`id`, `patent_id`, `user_id`, `type`, `create_by`, `update_by`, `created_at`, `updated_at`) VALUES (3, 3, 1, '认领', 1, 0, NULL, NULL);
INSERT INTO `user_patent` (`id`, `patent_id`, `user_id`, `type`, `create_by`, `update_by`, `created_at`, `updated_at`) VALUES (4, 5, 1, '认领', 1, 0, NULL, NULL);
INSERT INTO `user_patent` (`id`, `patent_id`, `user_id`, `type`, `create_by`, `update_by`, `created_at`, `updated_at`) VALUES (5, 4, 1, '认领', 1, 0, NULL, NULL);
INSERT INTO `user_patent` (`id`, `patent_id`, `user_id`, `type`, `create_by`, `update_by`, `created_at`, `updated_at`) VALUES (7, 11, 1, '认领', 1, 0, NULL, NULL);
INSERT INTO `user_patent` (`id`, `patent_id`, `user_id`, `type`, `create_by`, `update_by`, `created_at`, `updated_at`) VALUES (6, 7, 1, '认领', 1, 0, NULL, NULL);
INSERT INTO `user_patent` (`id`, `patent_id`, `user_id`, `type`, `create_by`, `update_by`, `created_at`, `updated_at`) VALUES (8, 10, 1, '认领', 1, 0, NULL, NULL);
INSERT INTO `user_patent` (`id`, `patent_id`, `user_id`, `type`, `create_by`, `update_by`, `created_at`, `updated_at`) VALUES (9, 11, 1, '认领', 1, 0, NULL, NULL);
INSERT INTO `user_patent` (`id`, `patent_id`, `user_id`, `type`, `create_by`, `update_by`, `created_at`, `updated_at`) VALUES (1, 1, 1, '关注', 1, 0, NULL, NULL);
INSERT INTO `user_patent` (`id`, `patent_id`, `user_id`, `type`, `create_by`, `update_by`, `created_at`, `updated_at`) VALUES (2, 2, 1, '关注', 1, 0, NULL, NULL);
INSERT INTO `tag` (`tag_id`, `tag_name`, `desc`, `create_by`, `update_by`, `created_at`, `updated_at`, `deleted_at`) VALUES (1, 'good', NULL, NULL, NULL, NULL, NULL, NULL);
INSERT INTO `tag` (`tag_id`, `tag_name`, `desc`, `create_by`, `update_by`, `created_at`, `updated_at`, `deleted_at`) VALUES (2, 'go', NULL, NULL, NULL, NULL, NULL, NULL);
INSERT INTO `tag` (`tag_id`, `tag_name`, `desc`, `create_by`, `update_by`, `created_at`, `updated_at`, `deleted_at`) VALUES (3, 'java', NULL, NULL, NULL, NULL, NULL, NULL);
INSERT INTO `tag` (`tag_id`, `tag_name`, `desc`, `create_by`, `update_by`, `created_at`, `updated_at`, `deleted_at`) VALUES (4, 'c', NULL, NULL, NULL, NULL, NULL, NULL);
INSERT INTO `tag` (`tag_id`, `tag_name`, `desc`, `create_by`, `update_by`, `created_at`, `updated_at`, `deleted_at`) VALUES (5, 'py', NULL, NULL, NULL, NULL, NULL, NULL);
INSERT INTO `patent_tag` (`id`, `patent_id`, `tag_id`, `create_by`, `update_by`) VALUES (3, 3, 1, NULL, NULL);
INSERT INTO `patent_tag` (`id`, `patent_id`, `tag_id`, `create_by`, `update_by`) VALUES (4, 4, 1, NULL, NULL);
INSERT INTO `patent_tag` (`id`, `patent_id`, `tag_id`, `create_by`, `update_by`) VALUES (5, 5, 1, NULL, NULL);
INSERT INTO `patent_tag` (`id`, `patent_id`, `tag_id`, `create_by`, `update_by`) VALUES (6, 6, 5, NULL, NULL);
INSERT INTO `patent_tag` (`id`, `patent_id`, `tag_id`, `create_by`, `update_by`) VALUES (7, 7, 5, NULL, NULL);
INSERT INTO `patent_tag` (`id`, `patent_id`, `tag_id`, `create_by`, `update_by`) VALUES (8, 7, 4, NULL, NULL);
INSERT INTO `patent_tag` (`id`, `patent_id`, `tag_id`, `create_by`, `update_by`) VALUES (9, 1, 3, NULL, NULL);
INSERT INTO `patent_tag` (`id`, `patent_id`, `tag_id`, `create_by`, `update_by`) VALUES (10, 2, 1,NULL, NULL);
INSERT INTO `patent` (`patent_id`, `pnm`, `patent_properties`, `create_by`, `update_by`, `created_at`, `updated_at`) VALUES (1, '101', '{\"patentId\":1,\"TI\":\"基于1的专利\",\"PNM\":\"101\",\"AD\":\"2022-10-18 18:49:53\",\"PD\":\"2022-10-20 18:49:53\",\"CL\":\"a patent of MessageHidden\",\"PA\":\"BUPT\",\"AR\":\"Beijing\",\"PINN\":\"author001\",\"CLS\":\"a patent of MessageHidden\",\"CreateBy\":1,\"UpdateBy\":0}', 0, 0, NULL, NULL);
INSERT INTO `patent` (`patent_id`, `pnm`, `patent_properties`, `create_by`, `update_by`, `created_at`, `updated_at`) VALUES (2, '102', '{\"patentId\":2,\"TI\":\"基于2的专利\",\"PNM\":\"102\",\"AD\":\"2022-10-18 18:49:53\",\"PD\":\"2022-10-20 18:49:53\",\"CL\":\"a patent of MemoryFramework\",\"PA\":\"BUPT\",\"AR\":\"Beijing\",\"PINN\":\"author002\",\"CLS\":\"a patent of MemoryFramework\",\"CreateBy\":1,\"UpdateBy\":0}', 0, 0, NULL, NULL);
INSERT INTO `patent` (`patent_id`, `pnm`, `patent_properties`, `create_by`, `update_by`, `created_at`, `updated_at`) VALUES (3, '103', '{\"patentId\":3,\"TI\":\"基于3的专利\",\"PNM\":\"103\",\"AD\":\"2022-10-18 18:49:53\",\"PD\":\"2022-10-20 18:49:53\",\"CL\":\"a patent of TwoSoftware\",\"PA\":\"BUPT\",\"AR\":\"Beijing\",\"PINN\":\"author003\",\"CLS\":\"a patent of TwoSoftware\",\"CreateBy\":1,\"UpdateBy\":0}', 0, 0, NULL, NULL);
INSERT INTO `patent` (`patent_id`, `pnm`, `patent_properties`, `create_by`, `update_by`, `created_at`, `updated_at`) VALUES (4, '104', '{\"patentId\":4,\"TI\":\"基于4的专利\",\"PNM\":\"104\",\"AD\":\"2022-10-18 18:49:53\",\"PD\":\"2022-10-20 18:49:53\",\"CL\":\"a patent of ThreeSoftware\",\"PA\":\"BUPT\",\"AR\":\"Beijing\",\"PINN\":\"author004\",\"CLS\":\"a patent of ThreeSoftware\",\"CreateBy\":1,\"UpdateBy\":0}', 0, 0, NULL, NULL);
INSERT INTO `patent` (`patent_id`, `pnm`, `patent_properties`, `create_by`, `update_by`, `created_at`, `updated_at`) VALUES (5, '105', '{\"patentId\":5,\"TI\":\"基于5的专利\",\"PNM\":\"105\",\"AD\":\"2022-10-18 18:49:53\",\"PD\":\"2022-10-20 18:49:53\",\"CL\":\"a patent of T0Software\",\"PA\":\"BUPT\",\"AR\":\"Beijing\",\"PINN\":\"author005\",\"CLS\":\"a patent of T0Software\",\"CreateBy\":1,\"UpdateBy\":0}', 0, 0, NULL, NULL);
INSERT INTO `patent` (`patent_id`, `pnm`, `patent_properties`, `create_by`, `update_by`, `created_at`, `updated_at`) VALUES (6, '106', '{\"patentId\":6,\"TI\":\"基于6的专利\",\"PNM\":\"106\",\"AD\":\"2022-10-18 18:49:53\",\"PD\":\"2022-10-20 18:49:53\",\"CL\":\"a patent of T0Software\",\"PA\":\"BUPT\",\"AR\":\"Beijing\",\"PINN\":\"author006\",\"CLS\":\"a patent of T0Software\",\"CreateBy\":1,\"UpdateBy\":0}', 0, 0, NULL, NULL);
INSERT INTO `patent` (`patent_id`, `pnm`, `patent_properties`, `create_by`, `update_by`, `created_at`, `updated_at`) VALUES (7, '107', '{\"patentId\":7,\"TI\":\"基于7的专利\",\"PNM\":\"107\",\"AD\":\"2022-10-18 18:49:53\",\"PD\":\"2022-10-20 18:49:53\",\"CL\":\"a patent of T0Software\",\"PA\":\"BUPT\",\"AR\":\"Beijing\",\"PINN\":\"author007\",\"CLS\":\"a patent of T0Software\",\"CreateBy\":1,\"UpdateBy\":0}', 0, 0, NULL, NULL);
INSERT INTO `patent` (`patent_id`, `pnm`, `patent_properties`, `create_by`, `update_by`, `created_at`, `updated_at`) VALUES (8, '108', '{\"patentId\":8,\"TI\":\"基于8的专利\",\"PNM\":\"108\",\"AD\":\"2022-10-18 18:49:53\",\"PD\":\"2022-10-20 18:49:53\",\"CL\":\"a patent of T0Software\",\"PA\":\"BUPT\",\"AR\":\"Beijing\",\"PINN\":\"author008\",\"CLS\":\"a patent of T0Software\",\"CreateBy\":1,\"UpdateBy\":0}', 0, 0, NULL, NULL);
INSERT INTO `patent` (`patent_id`, `pnm`, `patent_properties`, `create_by`, `update_by`, `created_at`, `updated_at`) VALUES (9, '109', '{\"patentId\":9,\"TI\":\"基于9的专利\",\"PNM\":\"109\",\"AD\":\"2022-10-18 18:49:53\",\"PD\":\"2022-10-20 18:49:53\",\"CL\":\"a patent of T0Software\",\"PA\":\"BUPT\",\"AR\":\"Beijing\",\"PINN\":\"author009\",\"CLS\":\"a patent of T0Software\",\"CreateBy\":1,\"UpdateBy\":0}', 0, 0, NULL, NULL);
INSERT INTO `patent` (`patent_id`, `pnm`, `patent_properties`, `create_by`, `update_by`, `created_at`, `updated_at`) VALUES (10, '110', '{\"patentId\":10,\"TI\":\"基于10的专利\",\"PNM\":\"110\",\"AD\":\"2022-10-18 18:49:53\",\"PD\":\"2022-10-20 18:49:53\",\"CL\":\"a patent of T0Software\",\"PA\":\"BUPT\",\"AR\":\"Beijing\",\"PINN\":\"author010\",\"CLS\":\"a patent of T0Software\",\"CreateBy\":1,\"UpdateBy\":0}', 0, 0, NULL, NULL);
INSERT INTO `patent` (`patent_id`, `pnm`, `patent_properties`, `create_by`, `update_by`, `created_at`, `updated_at`) VALUES (11, '111', '{\"patentId\":11,\"TI\":\"基于11的专利\",\"PNM\":\"111\",\"AD\":\"2022-10-18 18:49:53\",\"PD\":\"2022-10-20 18:49:53\",\"CL\":\"a patent of T0Software\",\"PA\":\"BUPT\",\"AR\":\"Beijing\",\"PINN\":\"author011\",\"CLS\":\"a patent of T0Software\",\"CreateBy\":1,\"UpdateBy\":0}', 0, 0, NULL, NULL);

INSERT INTO `report` (`report_id`, `report_name`, `report_properties`, `type`, `reject_tag`, `create_by`, `update_by`, `created_at`, `updated_at`, `files`) VALUES (1, 'infringe1', 'important!', 'infringement', '未审核', 1, 0, '2022-10-18 18:49:24', NULL, NULL);
INSERT INTO `report` (`report_id`, `report_name`, `report_properties`, `type`, `reject_tag`, `create_by`, `update_by`, `created_at`, `updated_at`, `files`) VALUES (2, 'infringe2', 'important!', 'infringement', '未审核', 1, 0, '2022-10-18 18:49:24', NULL, NULL);
INSERT INTO `report` (`report_id`, `report_name`, `report_properties`, `type`, `reject_tag`, `create_by`, `update_by`, `created_at`, `updated_at`, `files`) VALUES (3, 'infringe3', 'important!', 'infringement', '未审核', 1, 0, '2022-10-18 18:49:24', NULL, NULL);
INSERT INTO `report` (`report_id`, `report_name`, `report_properties`, `type`, `reject_tag`, `create_by`, `update_by`, `created_at`, `updated_at`, `files`) VALUES (4, 'valuation1', 'important!', 'valuation', '未审核', 1, 0, '2022-10-18 18:49:24', NULL, NULL);
INSERT INTO `report` (`report_id`, `report_name`, `report_properties`, `type`, `reject_tag`, `create_by`, `update_by`, `created_at`, `updated_at`, `files`) VALUES (5, 'valuation2', 'important!', 'valuation', '未审核', 1, 0, '2022-10-18 18:49:24', NULL,NULL);
INSERT INTO `report` (`report_id`, `report_name`, `report_properties`, `type`, `reject_tag`, `create_by`, `update_by`, `created_at`, `updated_at`, `files`) VALUES (6, 'valuation3', 'important!', 'valuation', '未审核', 1, 0, '2022-10-18 18:49:24', NULL, NULL);

INSERT INTO `report_rela` (`id`, `patent_id`, `report_id`, `user_id`, `type`, `create_by`, `update_by`, `created_at`, `updated_at`) VALUES (1, 3, 1, 1, 'infringement', 1, 0, '2022-12-05 21:03:55', '');
INSERT INTO `report_rela` (`id`, `patent_id`, `report_id`, `user_id`, `type`, `create_by`, `update_by`, `created_at`, `updated_at`) VALUES (2, 4, 3, 1, 'infringement', 1, 0, '2022-12-05 21:03:55', '');
INSERT INTO `report_rela` (`id`, `patent_id`, `report_id`, `user_id`, `type`, `create_by`, `update_by`, `created_at`, `updated_at`) VALUES (3, 3, 4, 1, 'valuation', 1, 0, '2022-12-05 21:03:55', '');
INSERT INTO `report_rela` (`id`, `patent_id`, `report_id`, `user_id`, `type`, `create_by`, `update_by`, `created_at`, `updated_at`) VALUES (4, 4, 5, 1, 'valuation', 1, 0, '2022-12-05 21:03:55', '');
INSERT INTO `report_rela` (`id`, `patent_id`, `report_id`, `user_id`, `type`, `create_by`, `update_by`, `created_at`, `updated_at`) VALUES (5, 5, 2, 1, 'infringement', 1, 0, '2022-12-05 21:03:55', '');
INSERT INTO `report_rela` (`id`, `patent_id`, `report_id`, `user_id`, `type`, `create_by`, `update_by`, `created_at`, `updated_at`) VALUES (6, 5, 6, 1, 'valuation', 1, 0, '2022-12-05 21:03:55', '');

INSERT INTO `package` (`package_id`, `package_name`, `desc`, `files`, `create_by`, `update_by`, `created_at`, `updated_at`, `deleted_at`) VALUES (1, 'golang', 'patents of Golang software', '[{\"FileName\":\"github头像7.jpg\",\"FilePath\":\"/static/uploadfile/c566a5c8-363c-41fc-b664-523f1e67f9a3.github头像7.jpg\"}]', 1, 0, '2022-10-18 18:49:24', '2022-11-25 23:12:55', NULL);
INSERT INTO `package` (`package_id`, `package_name`, `desc`, `files`, `create_by`, `update_by`, `created_at`, `updated_at`, `deleted_at`) VALUES (2, 'CPP', 'patents of CPP software', NULL, 1, 0, '2022-10-18 18:49:53', NULL, NULL);

INSERT INTO `patent_package` (`id`, `patent_id`, `package_id`, `pnm`, `create_by`, `update_by`, `created_at`, `updated_at`) VALUES (1, 1, 1, '101', 0, 0, NULL, NULL);
INSERT INTO `patent_package` (`id`, `patent_id`, `package_id`, `pnm`, `create_by`, `update_by`, `created_at`, `updated_at`) VALUES (2, 1, 2, '102', 0, 0, NULL, NULL);
-- 数据完成 ;